"Subscription";"SubscriptionId";"SubscriptionMGpath";"Provider";"State"
"Visual Studio Enterprise Subscription – MPN";"d15e24d4-e2d6-426e-ad94-8789e6c09f7c";"aa75eff7-49f7-4da2-a046-a86d8da21c56/es-root/d15e24d4-e2d6-426e-ad94-8789e6c09f7c";"Astronomer.Astro";"NotRegistered"
"Visual Studio Enterprise Subscription – MPN";"d15e24d4-e2d6-426e-ad94-8789e6c09f7c";"aa75eff7-49f7-4da2-a046-a86d8da21c56/es-root/d15e24d4-e2d6-426e-ad94-8789e6c09f7c";"Dynatrace.Observability";"NotRegistered"
"Visual Studio Enterprise Subscription – MPN";"d15e24d4-e2d6-426e-ad94-8789e6c09f7c";"aa75eff7-49f7-4da2-a046-a86d8da21c56/es-root/d15e24d4-e2d6-426e-ad94-8789e6c09f7c";"GitHub.Network";"NotRegistered"
"Visual Studio Enterprise Subscription – MPN";"d15e24d4-e2d6-426e-ad94-8789e6c09f7c";"aa75eff7-49f7-4da2-a046-a86d8da21c56/es-root/d15e24d4-e2d6-426e-ad94-8789e6c09f7c";"Informatica.DataManagement";"NotRegistered"
"Visual Studio Enterprise Subscription – MPN";"d15e24d4-e2d6-426e-ad94-8789e6c09f7c";"aa75eff7-49f7-4da2-a046-a86d8da21c56/es-root/d15e24d4-e2d6-426e-ad94-8789e6c09f7c";"Microsoft.AAD";"NotRegistered"
"Visual Studio Enterprise Subscription – MPN";"d15e24d4-e2d6-426e-ad94-8789e6c09f7c";"aa75eff7-49f7-4da2-a046-a86d8da21c56/es-root/d15e24d4-e2d6-426e-ad94-8789e6c09f7c";"Microsoft.AadCustomSecurityAttributesDiagnosticSettings";"NotRegistered"
"Visual Studio Enterprise Subscription – MPN";"d15e24d4-e2d6-426e-ad94-8789e6c09f7c";"aa75eff7-49f7-4da2-a046-a86d8da21c56/es-root/d15e24d4-e2d6-426e-ad94-8789e6c09f7c";"microsoft.aadiam";"NotRegistered"
"Visual Studio Enterprise Subscription – MPN";"d15e24d4-e2d6-426e-ad94-8789e6c09f7c";"aa75eff7-49f7-4da2-a046-a86d8da21c56/es-root/d15e24d4-e2d6-426e-ad94-8789e6c09f7c";"Microsoft.Addons";"NotRegistered"
"Visual Studio Enterprise Subscription – MPN";"d15e24d4-e2d6-426e-ad94-8789e6c09f7c";"aa75eff7-49f7-4da2-a046-a86d8da21c56/es-root/d15e24d4-e2d6-426e-ad94-8789e6c09f7c";"Microsoft.ADHybridHealthService";"Registered"
"Visual Studio Enterprise Subscription – MPN";"d15e24d4-e2d6-426e-ad94-8789e6c09f7c";"aa75eff7-49f7-4da2-a046-a86d8da21c56/es-root/d15e24d4-e2d6-426e-ad94-8789e6c09f7c";"Microsoft.Advisor";"Registered"
"Visual Studio Enterprise Subscription – MPN";"d15e24d4-e2d6-426e-ad94-8789e6c09f7c";"aa75eff7-49f7-4da2-a046-a86d8da21c56/es-root/d15e24d4-e2d6-426e-ad94-8789e6c09f7c";"Microsoft.AgFoodPlatform";"NotRegistered"
"Visual Studio Enterprise Subscription – MPN";"d15e24d4-e2d6-426e-ad94-8789e6c09f7c";"aa75eff7-49f7-4da2-a046-a86d8da21c56/es-root/d15e24d4-e2d6-426e-ad94-8789e6c09f7c";"Microsoft.AlertsManagement";"Registered"
"Visual Studio Enterprise Subscription – MPN";"d15e24d4-e2d6-426e-ad94-8789e6c09f7c";"aa75eff7-49f7-4da2-a046-a86d8da21c56/es-root/d15e24d4-e2d6-426e-ad94-8789e6c09f7c";"Microsoft.AnalysisServices";"NotRegistered"
"Visual Studio Enterprise Subscription – MPN";"d15e24d4-e2d6-426e-ad94-8789e6c09f7c";"aa75eff7-49f7-4da2-a046-a86d8da21c56/es-root/d15e24d4-e2d6-426e-ad94-8789e6c09f7c";"Microsoft.AnyBuild";"NotRegistered"
"Visual Studio Enterprise Subscription – MPN";"d15e24d4-e2d6-426e-ad94-8789e6c09f7c";"aa75eff7-49f7-4da2-a046-a86d8da21c56/es-root/d15e24d4-e2d6-426e-ad94-8789e6c09f7c";"Microsoft.ApiCenter";"NotRegistered"
"Visual Studio Enterprise Subscription – MPN";"d15e24d4-e2d6-426e-ad94-8789e6c09f7c";"aa75eff7-49f7-4da2-a046-a86d8da21c56/es-root/d15e24d4-e2d6-426e-ad94-8789e6c09f7c";"Microsoft.ApiManagement";"Registered"
"Visual Studio Enterprise Subscription – MPN";"d15e24d4-e2d6-426e-ad94-8789e6c09f7c";"aa75eff7-49f7-4da2-a046-a86d8da21c56/es-root/d15e24d4-e2d6-426e-ad94-8789e6c09f7c";"Microsoft.App";"Registered"
"Visual Studio Enterprise Subscription – MPN";"d15e24d4-e2d6-426e-ad94-8789e6c09f7c";"aa75eff7-49f7-4da2-a046-a86d8da21c56/es-root/d15e24d4-e2d6-426e-ad94-8789e6c09f7c";"Microsoft.AppAssessment";"NotRegistered"
"Visual Studio Enterprise Subscription – MPN";"d15e24d4-e2d6-426e-ad94-8789e6c09f7c";"aa75eff7-49f7-4da2-a046-a86d8da21c56/es-root/d15e24d4-e2d6-426e-ad94-8789e6c09f7c";"Microsoft.AppComplianceAutomation";"NotRegistered"
"Visual Studio Enterprise Subscription – MPN";"d15e24d4-e2d6-426e-ad94-8789e6c09f7c";"aa75eff7-49f7-4da2-a046-a86d8da21c56/es-root/d15e24d4-e2d6-426e-ad94-8789e6c09f7c";"Microsoft.AppConfiguration";"Registered"
"Visual Studio Enterprise Subscription – MPN";"d15e24d4-e2d6-426e-ad94-8789e6c09f7c";"aa75eff7-49f7-4da2-a046-a86d8da21c56/es-root/d15e24d4-e2d6-426e-ad94-8789e6c09f7c";"Microsoft.AppPlatform";"Registered"
"Visual Studio Enterprise Subscription – MPN";"d15e24d4-e2d6-426e-ad94-8789e6c09f7c";"aa75eff7-49f7-4da2-a046-a86d8da21c56/es-root/d15e24d4-e2d6-426e-ad94-8789e6c09f7c";"Microsoft.AppSecurity";"NotRegistered"
"Visual Studio Enterprise Subscription – MPN";"d15e24d4-e2d6-426e-ad94-8789e6c09f7c";"aa75eff7-49f7-4da2-a046-a86d8da21c56/es-root/d15e24d4-e2d6-426e-ad94-8789e6c09f7c";"Microsoft.Attestation";"NotRegistered"
"Visual Studio Enterprise Subscription – MPN";"d15e24d4-e2d6-426e-ad94-8789e6c09f7c";"aa75eff7-49f7-4da2-a046-a86d8da21c56/es-root/d15e24d4-e2d6-426e-ad94-8789e6c09f7c";"Microsoft.Authorization";"Registered"
"Visual Studio Enterprise Subscription – MPN";"d15e24d4-e2d6-426e-ad94-8789e6c09f7c";"aa75eff7-49f7-4da2-a046-a86d8da21c56/es-root/d15e24d4-e2d6-426e-ad94-8789e6c09f7c";"Microsoft.Automanage";"NotRegistered"
"Visual Studio Enterprise Subscription – MPN";"d15e24d4-e2d6-426e-ad94-8789e6c09f7c";"aa75eff7-49f7-4da2-a046-a86d8da21c56/es-root/d15e24d4-e2d6-426e-ad94-8789e6c09f7c";"Microsoft.Automation";"Registered"
"Visual Studio Enterprise Subscription – MPN";"d15e24d4-e2d6-426e-ad94-8789e6c09f7c";"aa75eff7-49f7-4da2-a046-a86d8da21c56/es-root/d15e24d4-e2d6-426e-ad94-8789e6c09f7c";"Microsoft.AutonomousDevelopmentPlatform";"NotRegistered"
"Visual Studio Enterprise Subscription – MPN";"d15e24d4-e2d6-426e-ad94-8789e6c09f7c";"aa75eff7-49f7-4da2-a046-a86d8da21c56/es-root/d15e24d4-e2d6-426e-ad94-8789e6c09f7c";"Microsoft.AVS";"Registered"
"Visual Studio Enterprise Subscription – MPN";"d15e24d4-e2d6-426e-ad94-8789e6c09f7c";"aa75eff7-49f7-4da2-a046-a86d8da21c56/es-root/d15e24d4-e2d6-426e-ad94-8789e6c09f7c";"Microsoft.AwsConnector";"NotRegistered"
"Visual Studio Enterprise Subscription – MPN";"d15e24d4-e2d6-426e-ad94-8789e6c09f7c";"aa75eff7-49f7-4da2-a046-a86d8da21c56/es-root/d15e24d4-e2d6-426e-ad94-8789e6c09f7c";"Microsoft.AzureActiveDirectory";"NotRegistered"
"Visual Studio Enterprise Subscription – MPN";"d15e24d4-e2d6-426e-ad94-8789e6c09f7c";"aa75eff7-49f7-4da2-a046-a86d8da21c56/es-root/d15e24d4-e2d6-426e-ad94-8789e6c09f7c";"Microsoft.AzureArcData";"NotRegistered"
"Visual Studio Enterprise Subscription – MPN";"d15e24d4-e2d6-426e-ad94-8789e6c09f7c";"aa75eff7-49f7-4da2-a046-a86d8da21c56/es-root/d15e24d4-e2d6-426e-ad94-8789e6c09f7c";"Microsoft.AzureBusinessContinuity";"NotRegistered"
"Visual Studio Enterprise Subscription – MPN";"d15e24d4-e2d6-426e-ad94-8789e6c09f7c";"aa75eff7-49f7-4da2-a046-a86d8da21c56/es-root/d15e24d4-e2d6-426e-ad94-8789e6c09f7c";"Microsoft.AzureDataTransfer";"NotRegistered"
"Visual Studio Enterprise Subscription – MPN";"d15e24d4-e2d6-426e-ad94-8789e6c09f7c";"aa75eff7-49f7-4da2-a046-a86d8da21c56/es-root/d15e24d4-e2d6-426e-ad94-8789e6c09f7c";"Microsoft.AzureFleet";"NotRegistered"
"Visual Studio Enterprise Subscription – MPN";"d15e24d4-e2d6-426e-ad94-8789e6c09f7c";"aa75eff7-49f7-4da2-a046-a86d8da21c56/es-root/d15e24d4-e2d6-426e-ad94-8789e6c09f7c";"Microsoft.AzureImageTestingForLinux";"NotRegistered"
"Visual Studio Enterprise Subscription – MPN";"d15e24d4-e2d6-426e-ad94-8789e6c09f7c";"aa75eff7-49f7-4da2-a046-a86d8da21c56/es-root/d15e24d4-e2d6-426e-ad94-8789e6c09f7c";"Microsoft.AzureLargeInstance";"NotRegistered"
"Visual Studio Enterprise Subscription – MPN";"d15e24d4-e2d6-426e-ad94-8789e6c09f7c";"aa75eff7-49f7-4da2-a046-a86d8da21c56/es-root/d15e24d4-e2d6-426e-ad94-8789e6c09f7c";"Microsoft.AzurePlaywrightService";"NotRegistered"
"Visual Studio Enterprise Subscription – MPN";"d15e24d4-e2d6-426e-ad94-8789e6c09f7c";"aa75eff7-49f7-4da2-a046-a86d8da21c56/es-root/d15e24d4-e2d6-426e-ad94-8789e6c09f7c";"Microsoft.AzureScan";"NotRegistered"
"Visual Studio Enterprise Subscription – MPN";"d15e24d4-e2d6-426e-ad94-8789e6c09f7c";"aa75eff7-49f7-4da2-a046-a86d8da21c56/es-root/d15e24d4-e2d6-426e-ad94-8789e6c09f7c";"Microsoft.AzureSphere";"NotRegistered"
"Visual Studio Enterprise Subscription – MPN";"d15e24d4-e2d6-426e-ad94-8789e6c09f7c";"aa75eff7-49f7-4da2-a046-a86d8da21c56/es-root/d15e24d4-e2d6-426e-ad94-8789e6c09f7c";"Microsoft.AzureStack";"NotRegistered"
"Visual Studio Enterprise Subscription – MPN";"d15e24d4-e2d6-426e-ad94-8789e6c09f7c";"aa75eff7-49f7-4da2-a046-a86d8da21c56/es-root/d15e24d4-e2d6-426e-ad94-8789e6c09f7c";"Microsoft.AzureStackHCI";"NotRegistered"
"Visual Studio Enterprise Subscription – MPN";"d15e24d4-e2d6-426e-ad94-8789e6c09f7c";"aa75eff7-49f7-4da2-a046-a86d8da21c56/es-root/d15e24d4-e2d6-426e-ad94-8789e6c09f7c";"Microsoft.BackupSolutions";"NotRegistered"
"Visual Studio Enterprise Subscription – MPN";"d15e24d4-e2d6-426e-ad94-8789e6c09f7c";"aa75eff7-49f7-4da2-a046-a86d8da21c56/es-root/d15e24d4-e2d6-426e-ad94-8789e6c09f7c";"Microsoft.BareMetal";"NotRegistered"
"Visual Studio Enterprise Subscription – MPN";"d15e24d4-e2d6-426e-ad94-8789e6c09f7c";"aa75eff7-49f7-4da2-a046-a86d8da21c56/es-root/d15e24d4-e2d6-426e-ad94-8789e6c09f7c";"Microsoft.BareMetalInfrastructure";"NotRegistered"
"Visual Studio Enterprise Subscription – MPN";"d15e24d4-e2d6-426e-ad94-8789e6c09f7c";"aa75eff7-49f7-4da2-a046-a86d8da21c56/es-root/d15e24d4-e2d6-426e-ad94-8789e6c09f7c";"Microsoft.Batch";"NotRegistered"
"Visual Studio Enterprise Subscription – MPN";"d15e24d4-e2d6-426e-ad94-8789e6c09f7c";"aa75eff7-49f7-4da2-a046-a86d8da21c56/es-root/d15e24d4-e2d6-426e-ad94-8789e6c09f7c";"Microsoft.Billing";"Registered"
"Visual Studio Enterprise Subscription – MPN";"d15e24d4-e2d6-426e-ad94-8789e6c09f7c";"aa75eff7-49f7-4da2-a046-a86d8da21c56/es-root/d15e24d4-e2d6-426e-ad94-8789e6c09f7c";"Microsoft.BillingBenefits";"NotRegistered"
"Visual Studio Enterprise Subscription – MPN";"d15e24d4-e2d6-426e-ad94-8789e6c09f7c";"aa75eff7-49f7-4da2-a046-a86d8da21c56/es-root/d15e24d4-e2d6-426e-ad94-8789e6c09f7c";"Microsoft.Bing";"NotRegistered"
"Visual Studio Enterprise Subscription – MPN";"d15e24d4-e2d6-426e-ad94-8789e6c09f7c";"aa75eff7-49f7-4da2-a046-a86d8da21c56/es-root/d15e24d4-e2d6-426e-ad94-8789e6c09f7c";"Microsoft.BlockchainTokens";"NotRegistered"
"Visual Studio Enterprise Subscription – MPN";"d15e24d4-e2d6-426e-ad94-8789e6c09f7c";"aa75eff7-49f7-4da2-a046-a86d8da21c56/es-root/d15e24d4-e2d6-426e-ad94-8789e6c09f7c";"Microsoft.Blueprint";"Registered"
"Visual Studio Enterprise Subscription – MPN";"d15e24d4-e2d6-426e-ad94-8789e6c09f7c";"aa75eff7-49f7-4da2-a046-a86d8da21c56/es-root/d15e24d4-e2d6-426e-ad94-8789e6c09f7c";"Microsoft.BotService";"Registered"
"Visual Studio Enterprise Subscription – MPN";"d15e24d4-e2d6-426e-ad94-8789e6c09f7c";"aa75eff7-49f7-4da2-a046-a86d8da21c56/es-root/d15e24d4-e2d6-426e-ad94-8789e6c09f7c";"Microsoft.Cache";"Registered"
"Visual Studio Enterprise Subscription – MPN";"d15e24d4-e2d6-426e-ad94-8789e6c09f7c";"aa75eff7-49f7-4da2-a046-a86d8da21c56/es-root/d15e24d4-e2d6-426e-ad94-8789e6c09f7c";"Microsoft.Capacity";"NotRegistered"
"Visual Studio Enterprise Subscription – MPN";"d15e24d4-e2d6-426e-ad94-8789e6c09f7c";"aa75eff7-49f7-4da2-a046-a86d8da21c56/es-root/d15e24d4-e2d6-426e-ad94-8789e6c09f7c";"Microsoft.CapacityAllocation";"NotRegistered"
"Visual Studio Enterprise Subscription – MPN";"d15e24d4-e2d6-426e-ad94-8789e6c09f7c";"aa75eff7-49f7-4da2-a046-a86d8da21c56/es-root/d15e24d4-e2d6-426e-ad94-8789e6c09f7c";"Microsoft.Carbon";"NotRegistered"
"Visual Studio Enterprise Subscription – MPN";"d15e24d4-e2d6-426e-ad94-8789e6c09f7c";"aa75eff7-49f7-4da2-a046-a86d8da21c56/es-root/d15e24d4-e2d6-426e-ad94-8789e6c09f7c";"Microsoft.Cdn";"Registered"
"Visual Studio Enterprise Subscription – MPN";"d15e24d4-e2d6-426e-ad94-8789e6c09f7c";"aa75eff7-49f7-4da2-a046-a86d8da21c56/es-root/d15e24d4-e2d6-426e-ad94-8789e6c09f7c";"Microsoft.CertificateRegistration";"NotRegistered"
"Visual Studio Enterprise Subscription – MPN";"d15e24d4-e2d6-426e-ad94-8789e6c09f7c";"aa75eff7-49f7-4da2-a046-a86d8da21c56/es-root/d15e24d4-e2d6-426e-ad94-8789e6c09f7c";"Microsoft.Certify";"NotRegistered"
"Visual Studio Enterprise Subscription – MPN";"d15e24d4-e2d6-426e-ad94-8789e6c09f7c";"aa75eff7-49f7-4da2-a046-a86d8da21c56/es-root/d15e24d4-e2d6-426e-ad94-8789e6c09f7c";"Microsoft.ChangeAnalysis";"NotRegistered"
"Visual Studio Enterprise Subscription – MPN";"d15e24d4-e2d6-426e-ad94-8789e6c09f7c";"aa75eff7-49f7-4da2-a046-a86d8da21c56/es-root/d15e24d4-e2d6-426e-ad94-8789e6c09f7c";"Microsoft.Chaos";"NotRegistered"
"Visual Studio Enterprise Subscription – MPN";"d15e24d4-e2d6-426e-ad94-8789e6c09f7c";"aa75eff7-49f7-4da2-a046-a86d8da21c56/es-root/d15e24d4-e2d6-426e-ad94-8789e6c09f7c";"Microsoft.ClassicCompute";"NotRegistered"
"Visual Studio Enterprise Subscription – MPN";"d15e24d4-e2d6-426e-ad94-8789e6c09f7c";"aa75eff7-49f7-4da2-a046-a86d8da21c56/es-root/d15e24d4-e2d6-426e-ad94-8789e6c09f7c";"Microsoft.ClassicInfrastructureMigrate";"NotRegistered"
"Visual Studio Enterprise Subscription – MPN";"d15e24d4-e2d6-426e-ad94-8789e6c09f7c";"aa75eff7-49f7-4da2-a046-a86d8da21c56/es-root/d15e24d4-e2d6-426e-ad94-8789e6c09f7c";"Microsoft.ClassicNetwork";"NotRegistered"
"Visual Studio Enterprise Subscription – MPN";"d15e24d4-e2d6-426e-ad94-8789e6c09f7c";"aa75eff7-49f7-4da2-a046-a86d8da21c56/es-root/d15e24d4-e2d6-426e-ad94-8789e6c09f7c";"Microsoft.ClassicStorage";"NotRegistered"
"Visual Studio Enterprise Subscription – MPN";"d15e24d4-e2d6-426e-ad94-8789e6c09f7c";"aa75eff7-49f7-4da2-a046-a86d8da21c56/es-root/d15e24d4-e2d6-426e-ad94-8789e6c09f7c";"Microsoft.ClassicSubscription";"Registered"
"Visual Studio Enterprise Subscription – MPN";"d15e24d4-e2d6-426e-ad94-8789e6c09f7c";"aa75eff7-49f7-4da2-a046-a86d8da21c56/es-root/d15e24d4-e2d6-426e-ad94-8789e6c09f7c";"Microsoft.CleanRoom";"NotRegistered"
"Visual Studio Enterprise Subscription – MPN";"d15e24d4-e2d6-426e-ad94-8789e6c09f7c";"aa75eff7-49f7-4da2-a046-a86d8da21c56/es-root/d15e24d4-e2d6-426e-ad94-8789e6c09f7c";"Microsoft.CloudHealth";"NotRegistered"
"Visual Studio Enterprise Subscription – MPN";"d15e24d4-e2d6-426e-ad94-8789e6c09f7c";"aa75eff7-49f7-4da2-a046-a86d8da21c56/es-root/d15e24d4-e2d6-426e-ad94-8789e6c09f7c";"Microsoft.CloudShell";"Registered"
"Visual Studio Enterprise Subscription – MPN";"d15e24d4-e2d6-426e-ad94-8789e6c09f7c";"aa75eff7-49f7-4da2-a046-a86d8da21c56/es-root/d15e24d4-e2d6-426e-ad94-8789e6c09f7c";"Microsoft.CloudTest";"NotRegistered"
"Visual Studio Enterprise Subscription – MPN";"d15e24d4-e2d6-426e-ad94-8789e6c09f7c";"aa75eff7-49f7-4da2-a046-a86d8da21c56/es-root/d15e24d4-e2d6-426e-ad94-8789e6c09f7c";"Microsoft.CodeSigning";"NotRegistered"
"Visual Studio Enterprise Subscription – MPN";"d15e24d4-e2d6-426e-ad94-8789e6c09f7c";"aa75eff7-49f7-4da2-a046-a86d8da21c56/es-root/d15e24d4-e2d6-426e-ad94-8789e6c09f7c";"Microsoft.CognitiveServices";"Registered"
"Visual Studio Enterprise Subscription – MPN";"d15e24d4-e2d6-426e-ad94-8789e6c09f7c";"aa75eff7-49f7-4da2-a046-a86d8da21c56/es-root/d15e24d4-e2d6-426e-ad94-8789e6c09f7c";"Microsoft.Commerce";"Registered"
"Visual Studio Enterprise Subscription – MPN";"d15e24d4-e2d6-426e-ad94-8789e6c09f7c";"aa75eff7-49f7-4da2-a046-a86d8da21c56/es-root/d15e24d4-e2d6-426e-ad94-8789e6c09f7c";"Microsoft.Communication";"NotRegistered"
"Visual Studio Enterprise Subscription – MPN";"d15e24d4-e2d6-426e-ad94-8789e6c09f7c";"aa75eff7-49f7-4da2-a046-a86d8da21c56/es-root/d15e24d4-e2d6-426e-ad94-8789e6c09f7c";"Microsoft.Community";"NotRegistered"
"Visual Studio Enterprise Subscription – MPN";"d15e24d4-e2d6-426e-ad94-8789e6c09f7c";"aa75eff7-49f7-4da2-a046-a86d8da21c56/es-root/d15e24d4-e2d6-426e-ad94-8789e6c09f7c";"Microsoft.CompositeSolutions";"NotRegistered"
"Visual Studio Enterprise Subscription – MPN";"d15e24d4-e2d6-426e-ad94-8789e6c09f7c";"aa75eff7-49f7-4da2-a046-a86d8da21c56/es-root/d15e24d4-e2d6-426e-ad94-8789e6c09f7c";"Microsoft.Compute";"Registered"
"Visual Studio Enterprise Subscription – MPN";"d15e24d4-e2d6-426e-ad94-8789e6c09f7c";"aa75eff7-49f7-4da2-a046-a86d8da21c56/es-root/d15e24d4-e2d6-426e-ad94-8789e6c09f7c";"Microsoft.ComputeSchedule";"NotRegistered"
"Visual Studio Enterprise Subscription – MPN";"d15e24d4-e2d6-426e-ad94-8789e6c09f7c";"aa75eff7-49f7-4da2-a046-a86d8da21c56/es-root/d15e24d4-e2d6-426e-ad94-8789e6c09f7c";"Microsoft.ConfidentialLedger";"NotRegistered"
"Visual Studio Enterprise Subscription – MPN";"d15e24d4-e2d6-426e-ad94-8789e6c09f7c";"aa75eff7-49f7-4da2-a046-a86d8da21c56/es-root/d15e24d4-e2d6-426e-ad94-8789e6c09f7c";"Microsoft.Confluent";"NotRegistered"
"Visual Studio Enterprise Subscription – MPN";"d15e24d4-e2d6-426e-ad94-8789e6c09f7c";"aa75eff7-49f7-4da2-a046-a86d8da21c56/es-root/d15e24d4-e2d6-426e-ad94-8789e6c09f7c";"Microsoft.ConnectedCache";"NotRegistered"
"Visual Studio Enterprise Subscription – MPN";"d15e24d4-e2d6-426e-ad94-8789e6c09f7c";"aa75eff7-49f7-4da2-a046-a86d8da21c56/es-root/d15e24d4-e2d6-426e-ad94-8789e6c09f7c";"Microsoft.ConnectedCredentials";"NotRegistered"
"Visual Studio Enterprise Subscription – MPN";"d15e24d4-e2d6-426e-ad94-8789e6c09f7c";"aa75eff7-49f7-4da2-a046-a86d8da21c56/es-root/d15e24d4-e2d6-426e-ad94-8789e6c09f7c";"microsoft.connectedopenstack";"NotRegistered"
"Visual Studio Enterprise Subscription – MPN";"d15e24d4-e2d6-426e-ad94-8789e6c09f7c";"aa75eff7-49f7-4da2-a046-a86d8da21c56/es-root/d15e24d4-e2d6-426e-ad94-8789e6c09f7c";"Microsoft.ConnectedVehicle";"NotRegistered"
"Visual Studio Enterprise Subscription – MPN";"d15e24d4-e2d6-426e-ad94-8789e6c09f7c";"aa75eff7-49f7-4da2-a046-a86d8da21c56/es-root/d15e24d4-e2d6-426e-ad94-8789e6c09f7c";"Microsoft.ConnectedVMwarevSphere";"NotRegistered"
"Visual Studio Enterprise Subscription – MPN";"d15e24d4-e2d6-426e-ad94-8789e6c09f7c";"aa75eff7-49f7-4da2-a046-a86d8da21c56/es-root/d15e24d4-e2d6-426e-ad94-8789e6c09f7c";"Microsoft.Consumption";"Registered"
"Visual Studio Enterprise Subscription – MPN";"d15e24d4-e2d6-426e-ad94-8789e6c09f7c";"aa75eff7-49f7-4da2-a046-a86d8da21c56/es-root/d15e24d4-e2d6-426e-ad94-8789e6c09f7c";"Microsoft.ContainerInstance";"Registered"
"Visual Studio Enterprise Subscription – MPN";"d15e24d4-e2d6-426e-ad94-8789e6c09f7c";"aa75eff7-49f7-4da2-a046-a86d8da21c56/es-root/d15e24d4-e2d6-426e-ad94-8789e6c09f7c";"Microsoft.ContainerRegistry";"Registered"
"Visual Studio Enterprise Subscription – MPN";"d15e24d4-e2d6-426e-ad94-8789e6c09f7c";"aa75eff7-49f7-4da2-a046-a86d8da21c56/es-root/d15e24d4-e2d6-426e-ad94-8789e6c09f7c";"Microsoft.ContainerService";"Registered"
"Visual Studio Enterprise Subscription – MPN";"d15e24d4-e2d6-426e-ad94-8789e6c09f7c";"aa75eff7-49f7-4da2-a046-a86d8da21c56/es-root/d15e24d4-e2d6-426e-ad94-8789e6c09f7c";"Microsoft.CostManagement";"Registered"
"Visual Studio Enterprise Subscription – MPN";"d15e24d4-e2d6-426e-ad94-8789e6c09f7c";"aa75eff7-49f7-4da2-a046-a86d8da21c56/es-root/d15e24d4-e2d6-426e-ad94-8789e6c09f7c";"Microsoft.CostManagementExports";"NotRegistered"
"Visual Studio Enterprise Subscription – MPN";"d15e24d4-e2d6-426e-ad94-8789e6c09f7c";"aa75eff7-49f7-4da2-a046-a86d8da21c56/es-root/d15e24d4-e2d6-426e-ad94-8789e6c09f7c";"Microsoft.CustomerLockbox";"NotRegistered"
"Visual Studio Enterprise Subscription – MPN";"d15e24d4-e2d6-426e-ad94-8789e6c09f7c";"aa75eff7-49f7-4da2-a046-a86d8da21c56/es-root/d15e24d4-e2d6-426e-ad94-8789e6c09f7c";"Microsoft.CustomProviders";"Registered"
"Visual Studio Enterprise Subscription – MPN";"d15e24d4-e2d6-426e-ad94-8789e6c09f7c";"aa75eff7-49f7-4da2-a046-a86d8da21c56/es-root/d15e24d4-e2d6-426e-ad94-8789e6c09f7c";"Microsoft.D365CustomerInsights";"NotRegistered"
"Visual Studio Enterprise Subscription – MPN";"d15e24d4-e2d6-426e-ad94-8789e6c09f7c";"aa75eff7-49f7-4da2-a046-a86d8da21c56/es-root/d15e24d4-e2d6-426e-ad94-8789e6c09f7c";"Microsoft.Dashboard";"NotRegistered"
"Visual Studio Enterprise Subscription – MPN";"d15e24d4-e2d6-426e-ad94-8789e6c09f7c";"aa75eff7-49f7-4da2-a046-a86d8da21c56/es-root/d15e24d4-e2d6-426e-ad94-8789e6c09f7c";"Microsoft.DatabaseFleetManager";"NotRegistered"
"Visual Studio Enterprise Subscription – MPN";"d15e24d4-e2d6-426e-ad94-8789e6c09f7c";"aa75eff7-49f7-4da2-a046-a86d8da21c56/es-root/d15e24d4-e2d6-426e-ad94-8789e6c09f7c";"Microsoft.DatabaseWatcher";"NotRegistered"
"Visual Studio Enterprise Subscription – MPN";"d15e24d4-e2d6-426e-ad94-8789e6c09f7c";"aa75eff7-49f7-4da2-a046-a86d8da21c56/es-root/d15e24d4-e2d6-426e-ad94-8789e6c09f7c";"Microsoft.DataBox";"NotRegistered"
"Visual Studio Enterprise Subscription – MPN";"d15e24d4-e2d6-426e-ad94-8789e6c09f7c";"aa75eff7-49f7-4da2-a046-a86d8da21c56/es-root/d15e24d4-e2d6-426e-ad94-8789e6c09f7c";"Microsoft.DataBoxEdge";"NotRegistered"
"Visual Studio Enterprise Subscription – MPN";"d15e24d4-e2d6-426e-ad94-8789e6c09f7c";"aa75eff7-49f7-4da2-a046-a86d8da21c56/es-root/d15e24d4-e2d6-426e-ad94-8789e6c09f7c";"Microsoft.Databricks";"Registered"
"Visual Studio Enterprise Subscription – MPN";"d15e24d4-e2d6-426e-ad94-8789e6c09f7c";"aa75eff7-49f7-4da2-a046-a86d8da21c56/es-root/d15e24d4-e2d6-426e-ad94-8789e6c09f7c";"Microsoft.Datadog";"NotRegistered"
"Visual Studio Enterprise Subscription – MPN";"d15e24d4-e2d6-426e-ad94-8789e6c09f7c";"aa75eff7-49f7-4da2-a046-a86d8da21c56/es-root/d15e24d4-e2d6-426e-ad94-8789e6c09f7c";"Microsoft.DataFactory";"Registered"
"Visual Studio Enterprise Subscription – MPN";"d15e24d4-e2d6-426e-ad94-8789e6c09f7c";"aa75eff7-49f7-4da2-a046-a86d8da21c56/es-root/d15e24d4-e2d6-426e-ad94-8789e6c09f7c";"Microsoft.DataLakeAnalytics";"Registered"
"Visual Studio Enterprise Subscription – MPN";"d15e24d4-e2d6-426e-ad94-8789e6c09f7c";"aa75eff7-49f7-4da2-a046-a86d8da21c56/es-root/d15e24d4-e2d6-426e-ad94-8789e6c09f7c";"Microsoft.DataLakeStore";"Registered"
"Visual Studio Enterprise Subscription – MPN";"d15e24d4-e2d6-426e-ad94-8789e6c09f7c";"aa75eff7-49f7-4da2-a046-a86d8da21c56/es-root/d15e24d4-e2d6-426e-ad94-8789e6c09f7c";"Microsoft.DataMigration";"Registered"
"Visual Studio Enterprise Subscription – MPN";"d15e24d4-e2d6-426e-ad94-8789e6c09f7c";"aa75eff7-49f7-4da2-a046-a86d8da21c56/es-root/d15e24d4-e2d6-426e-ad94-8789e6c09f7c";"Microsoft.DataProtection";"Registered"
"Visual Studio Enterprise Subscription – MPN";"d15e24d4-e2d6-426e-ad94-8789e6c09f7c";"aa75eff7-49f7-4da2-a046-a86d8da21c56/es-root/d15e24d4-e2d6-426e-ad94-8789e6c09f7c";"Microsoft.DataReplication";"NotRegistered"
"Visual Studio Enterprise Subscription – MPN";"d15e24d4-e2d6-426e-ad94-8789e6c09f7c";"aa75eff7-49f7-4da2-a046-a86d8da21c56/es-root/d15e24d4-e2d6-426e-ad94-8789e6c09f7c";"Microsoft.DataShare";"NotRegistered"
"Visual Studio Enterprise Subscription – MPN";"d15e24d4-e2d6-426e-ad94-8789e6c09f7c";"aa75eff7-49f7-4da2-a046-a86d8da21c56/es-root/d15e24d4-e2d6-426e-ad94-8789e6c09f7c";"Microsoft.DBforMariaDB";"Registered"
"Visual Studio Enterprise Subscription – MPN";"d15e24d4-e2d6-426e-ad94-8789e6c09f7c";"aa75eff7-49f7-4da2-a046-a86d8da21c56/es-root/d15e24d4-e2d6-426e-ad94-8789e6c09f7c";"Microsoft.DBforMySQL";"Registered"
"Visual Studio Enterprise Subscription – MPN";"d15e24d4-e2d6-426e-ad94-8789e6c09f7c";"aa75eff7-49f7-4da2-a046-a86d8da21c56/es-root/d15e24d4-e2d6-426e-ad94-8789e6c09f7c";"Microsoft.DBforPostgreSQL";"Registered"
"Visual Studio Enterprise Subscription – MPN";"d15e24d4-e2d6-426e-ad94-8789e6c09f7c";"aa75eff7-49f7-4da2-a046-a86d8da21c56/es-root/d15e24d4-e2d6-426e-ad94-8789e6c09f7c";"Microsoft.DelegatedNetwork";"NotRegistered"
"Visual Studio Enterprise Subscription – MPN";"d15e24d4-e2d6-426e-ad94-8789e6c09f7c";"aa75eff7-49f7-4da2-a046-a86d8da21c56/es-root/d15e24d4-e2d6-426e-ad94-8789e6c09f7c";"Microsoft.DesktopVirtualization";"Registered"
"Visual Studio Enterprise Subscription – MPN";"d15e24d4-e2d6-426e-ad94-8789e6c09f7c";"aa75eff7-49f7-4da2-a046-a86d8da21c56/es-root/d15e24d4-e2d6-426e-ad94-8789e6c09f7c";"Microsoft.DevCenter";"Registered"
"Visual Studio Enterprise Subscription – MPN";"d15e24d4-e2d6-426e-ad94-8789e6c09f7c";"aa75eff7-49f7-4da2-a046-a86d8da21c56/es-root/d15e24d4-e2d6-426e-ad94-8789e6c09f7c";"Microsoft.DevHub";"NotRegistered"
"Visual Studio Enterprise Subscription – MPN";"d15e24d4-e2d6-426e-ad94-8789e6c09f7c";"aa75eff7-49f7-4da2-a046-a86d8da21c56/es-root/d15e24d4-e2d6-426e-ad94-8789e6c09f7c";"Microsoft.DeviceRegistry";"NotRegistered"
"Visual Studio Enterprise Subscription – MPN";"d15e24d4-e2d6-426e-ad94-8789e6c09f7c";"aa75eff7-49f7-4da2-a046-a86d8da21c56/es-root/d15e24d4-e2d6-426e-ad94-8789e6c09f7c";"Microsoft.Devices";"Registered"
"Visual Studio Enterprise Subscription – MPN";"d15e24d4-e2d6-426e-ad94-8789e6c09f7c";"aa75eff7-49f7-4da2-a046-a86d8da21c56/es-root/d15e24d4-e2d6-426e-ad94-8789e6c09f7c";"Microsoft.DeviceUpdate";"NotRegistered"
"Visual Studio Enterprise Subscription – MPN";"d15e24d4-e2d6-426e-ad94-8789e6c09f7c";"aa75eff7-49f7-4da2-a046-a86d8da21c56/es-root/d15e24d4-e2d6-426e-ad94-8789e6c09f7c";"Microsoft.DevOpsInfrastructure";"NotRegistered"
"Visual Studio Enterprise Subscription – MPN";"d15e24d4-e2d6-426e-ad94-8789e6c09f7c";"aa75eff7-49f7-4da2-a046-a86d8da21c56/es-root/d15e24d4-e2d6-426e-ad94-8789e6c09f7c";"Microsoft.DevTestLab";"Registered"
"Visual Studio Enterprise Subscription – MPN";"d15e24d4-e2d6-426e-ad94-8789e6c09f7c";"aa75eff7-49f7-4da2-a046-a86d8da21c56/es-root/d15e24d4-e2d6-426e-ad94-8789e6c09f7c";"Microsoft.DigitalTwins";"NotRegistered"
"Visual Studio Enterprise Subscription – MPN";"d15e24d4-e2d6-426e-ad94-8789e6c09f7c";"aa75eff7-49f7-4da2-a046-a86d8da21c56/es-root/d15e24d4-e2d6-426e-ad94-8789e6c09f7c";"Microsoft.DocumentDB";"Registered"
"Visual Studio Enterprise Subscription – MPN";"d15e24d4-e2d6-426e-ad94-8789e6c09f7c";"aa75eff7-49f7-4da2-a046-a86d8da21c56/es-root/d15e24d4-e2d6-426e-ad94-8789e6c09f7c";"Microsoft.DomainRegistration";"NotRegistered"
"Visual Studio Enterprise Subscription – MPN";"d15e24d4-e2d6-426e-ad94-8789e6c09f7c";"aa75eff7-49f7-4da2-a046-a86d8da21c56/es-root/d15e24d4-e2d6-426e-ad94-8789e6c09f7c";"Microsoft.DurableTask";"NotRegistered"
"Visual Studio Enterprise Subscription – MPN";"d15e24d4-e2d6-426e-ad94-8789e6c09f7c";"aa75eff7-49f7-4da2-a046-a86d8da21c56/es-root/d15e24d4-e2d6-426e-ad94-8789e6c09f7c";"Microsoft.Easm";"NotRegistered"
"Visual Studio Enterprise Subscription – MPN";"d15e24d4-e2d6-426e-ad94-8789e6c09f7c";"aa75eff7-49f7-4da2-a046-a86d8da21c56/es-root/d15e24d4-e2d6-426e-ad94-8789e6c09f7c";"Microsoft.Edge";"NotRegistered"
"Visual Studio Enterprise Subscription – MPN";"d15e24d4-e2d6-426e-ad94-8789e6c09f7c";"aa75eff7-49f7-4da2-a046-a86d8da21c56/es-root/d15e24d4-e2d6-426e-ad94-8789e6c09f7c";"Microsoft.EdgeManagement";"NotRegistered"
"Visual Studio Enterprise Subscription – MPN";"d15e24d4-e2d6-426e-ad94-8789e6c09f7c";"aa75eff7-49f7-4da2-a046-a86d8da21c56/es-root/d15e24d4-e2d6-426e-ad94-8789e6c09f7c";"Microsoft.EdgeMarketplace";"NotRegistered"
"Visual Studio Enterprise Subscription – MPN";"d15e24d4-e2d6-426e-ad94-8789e6c09f7c";"aa75eff7-49f7-4da2-a046-a86d8da21c56/es-root/d15e24d4-e2d6-426e-ad94-8789e6c09f7c";"Microsoft.EdgeOrder";"NotRegistered"
"Visual Studio Enterprise Subscription – MPN";"d15e24d4-e2d6-426e-ad94-8789e6c09f7c";"aa75eff7-49f7-4da2-a046-a86d8da21c56/es-root/d15e24d4-e2d6-426e-ad94-8789e6c09f7c";"Microsoft.EdgeOrderPartner";"NotRegistered"
"Visual Studio Enterprise Subscription – MPN";"d15e24d4-e2d6-426e-ad94-8789e6c09f7c";"aa75eff7-49f7-4da2-a046-a86d8da21c56/es-root/d15e24d4-e2d6-426e-ad94-8789e6c09f7c";"Microsoft.EdgeZones";"NotRegistered"
"Visual Studio Enterprise Subscription – MPN";"d15e24d4-e2d6-426e-ad94-8789e6c09f7c";"aa75eff7-49f7-4da2-a046-a86d8da21c56/es-root/d15e24d4-e2d6-426e-ad94-8789e6c09f7c";"Microsoft.Elastic";"NotRegistered"
"Visual Studio Enterprise Subscription – MPN";"d15e24d4-e2d6-426e-ad94-8789e6c09f7c";"aa75eff7-49f7-4da2-a046-a86d8da21c56/es-root/d15e24d4-e2d6-426e-ad94-8789e6c09f7c";"Microsoft.ElasticSan";"NotRegistered"
"Visual Studio Enterprise Subscription – MPN";"d15e24d4-e2d6-426e-ad94-8789e6c09f7c";"aa75eff7-49f7-4da2-a046-a86d8da21c56/es-root/d15e24d4-e2d6-426e-ad94-8789e6c09f7c";"Microsoft.EnterpriseSupport";"NotRegistered"
"Visual Studio Enterprise Subscription – MPN";"d15e24d4-e2d6-426e-ad94-8789e6c09f7c";"aa75eff7-49f7-4da2-a046-a86d8da21c56/es-root/d15e24d4-e2d6-426e-ad94-8789e6c09f7c";"Microsoft.EntitlementManagement";"NotRegistered"
"Visual Studio Enterprise Subscription – MPN";"d15e24d4-e2d6-426e-ad94-8789e6c09f7c";"aa75eff7-49f7-4da2-a046-a86d8da21c56/es-root/d15e24d4-e2d6-426e-ad94-8789e6c09f7c";"Microsoft.EventGrid";"Registered"
"Visual Studio Enterprise Subscription – MPN";"d15e24d4-e2d6-426e-ad94-8789e6c09f7c";"aa75eff7-49f7-4da2-a046-a86d8da21c56/es-root/d15e24d4-e2d6-426e-ad94-8789e6c09f7c";"Microsoft.EventHub";"Registered"
"Visual Studio Enterprise Subscription – MPN";"d15e24d4-e2d6-426e-ad94-8789e6c09f7c";"aa75eff7-49f7-4da2-a046-a86d8da21c56/es-root/d15e24d4-e2d6-426e-ad94-8789e6c09f7c";"Microsoft.Experimentation";"NotRegistered"
"Visual Studio Enterprise Subscription – MPN";"d15e24d4-e2d6-426e-ad94-8789e6c09f7c";"aa75eff7-49f7-4da2-a046-a86d8da21c56/es-root/d15e24d4-e2d6-426e-ad94-8789e6c09f7c";"Microsoft.ExtendedLocation";"NotRegistered"
"Visual Studio Enterprise Subscription – MPN";"d15e24d4-e2d6-426e-ad94-8789e6c09f7c";"aa75eff7-49f7-4da2-a046-a86d8da21c56/es-root/d15e24d4-e2d6-426e-ad94-8789e6c09f7c";"Microsoft.Fabric";"NotRegistered"
"Visual Studio Enterprise Subscription – MPN";"d15e24d4-e2d6-426e-ad94-8789e6c09f7c";"aa75eff7-49f7-4da2-a046-a86d8da21c56/es-root/d15e24d4-e2d6-426e-ad94-8789e6c09f7c";"Microsoft.Falcon";"NotRegistered"
"Visual Studio Enterprise Subscription – MPN";"d15e24d4-e2d6-426e-ad94-8789e6c09f7c";"aa75eff7-49f7-4da2-a046-a86d8da21c56/es-root/d15e24d4-e2d6-426e-ad94-8789e6c09f7c";"Microsoft.Features";"Registered"
"Visual Studio Enterprise Subscription – MPN";"d15e24d4-e2d6-426e-ad94-8789e6c09f7c";"aa75eff7-49f7-4da2-a046-a86d8da21c56/es-root/d15e24d4-e2d6-426e-ad94-8789e6c09f7c";"Microsoft.FluidRelay";"NotRegistered"
"Visual Studio Enterprise Subscription – MPN";"d15e24d4-e2d6-426e-ad94-8789e6c09f7c";"aa75eff7-49f7-4da2-a046-a86d8da21c56/es-root/d15e24d4-e2d6-426e-ad94-8789e6c09f7c";"Microsoft.GraphServices";"NotRegistered"
"Visual Studio Enterprise Subscription – MPN";"d15e24d4-e2d6-426e-ad94-8789e6c09f7c";"aa75eff7-49f7-4da2-a046-a86d8da21c56/es-root/d15e24d4-e2d6-426e-ad94-8789e6c09f7c";"Microsoft.GuestConfiguration";"Registered"
"Visual Studio Enterprise Subscription – MPN";"d15e24d4-e2d6-426e-ad94-8789e6c09f7c";"aa75eff7-49f7-4da2-a046-a86d8da21c56/es-root/d15e24d4-e2d6-426e-ad94-8789e6c09f7c";"Microsoft.HanaOnAzure";"NotRegistered"
"Visual Studio Enterprise Subscription – MPN";"d15e24d4-e2d6-426e-ad94-8789e6c09f7c";"aa75eff7-49f7-4da2-a046-a86d8da21c56/es-root/d15e24d4-e2d6-426e-ad94-8789e6c09f7c";"Microsoft.Hardware";"NotRegistered"
"Visual Studio Enterprise Subscription – MPN";"d15e24d4-e2d6-426e-ad94-8789e6c09f7c";"aa75eff7-49f7-4da2-a046-a86d8da21c56/es-root/d15e24d4-e2d6-426e-ad94-8789e6c09f7c";"Microsoft.HardwareSecurityModules";"NotRegistered"
"Visual Studio Enterprise Subscription – MPN";"d15e24d4-e2d6-426e-ad94-8789e6c09f7c";"aa75eff7-49f7-4da2-a046-a86d8da21c56/es-root/d15e24d4-e2d6-426e-ad94-8789e6c09f7c";"Microsoft.HDInsight";"Registered"
"Visual Studio Enterprise Subscription – MPN";"d15e24d4-e2d6-426e-ad94-8789e6c09f7c";"aa75eff7-49f7-4da2-a046-a86d8da21c56/es-root/d15e24d4-e2d6-426e-ad94-8789e6c09f7c";"Microsoft.HealthBot";"NotRegistered"
"Visual Studio Enterprise Subscription – MPN";"d15e24d4-e2d6-426e-ad94-8789e6c09f7c";"aa75eff7-49f7-4da2-a046-a86d8da21c56/es-root/d15e24d4-e2d6-426e-ad94-8789e6c09f7c";"Microsoft.HealthcareApis";"Registered"
"Visual Studio Enterprise Subscription – MPN";"d15e24d4-e2d6-426e-ad94-8789e6c09f7c";"aa75eff7-49f7-4da2-a046-a86d8da21c56/es-root/d15e24d4-e2d6-426e-ad94-8789e6c09f7c";"Microsoft.HealthDataAIServices";"NotRegistered"
"Visual Studio Enterprise Subscription – MPN";"d15e24d4-e2d6-426e-ad94-8789e6c09f7c";"aa75eff7-49f7-4da2-a046-a86d8da21c56/es-root/d15e24d4-e2d6-426e-ad94-8789e6c09f7c";"Microsoft.HealthModel";"NotRegistered"
"Visual Studio Enterprise Subscription – MPN";"d15e24d4-e2d6-426e-ad94-8789e6c09f7c";"aa75eff7-49f7-4da2-a046-a86d8da21c56/es-root/d15e24d4-e2d6-426e-ad94-8789e6c09f7c";"Microsoft.Help";"NotRegistered"
"Visual Studio Enterprise Subscription – MPN";"d15e24d4-e2d6-426e-ad94-8789e6c09f7c";"aa75eff7-49f7-4da2-a046-a86d8da21c56/es-root/d15e24d4-e2d6-426e-ad94-8789e6c09f7c";"Microsoft.HybridCloud";"NotRegistered"
"Visual Studio Enterprise Subscription – MPN";"d15e24d4-e2d6-426e-ad94-8789e6c09f7c";"aa75eff7-49f7-4da2-a046-a86d8da21c56/es-root/d15e24d4-e2d6-426e-ad94-8789e6c09f7c";"Microsoft.HybridCompute";"NotRegistered"
"Visual Studio Enterprise Subscription – MPN";"d15e24d4-e2d6-426e-ad94-8789e6c09f7c";"aa75eff7-49f7-4da2-a046-a86d8da21c56/es-root/d15e24d4-e2d6-426e-ad94-8789e6c09f7c";"Microsoft.HybridConnectivity";"NotRegistered"
"Visual Studio Enterprise Subscription – MPN";"d15e24d4-e2d6-426e-ad94-8789e6c09f7c";"aa75eff7-49f7-4da2-a046-a86d8da21c56/es-root/d15e24d4-e2d6-426e-ad94-8789e6c09f7c";"Microsoft.HybridContainerService";"NotRegistered"
"Visual Studio Enterprise Subscription – MPN";"d15e24d4-e2d6-426e-ad94-8789e6c09f7c";"aa75eff7-49f7-4da2-a046-a86d8da21c56/es-root/d15e24d4-e2d6-426e-ad94-8789e6c09f7c";"Microsoft.HybridNetwork";"NotRegistered"
"Visual Studio Enterprise Subscription – MPN";"d15e24d4-e2d6-426e-ad94-8789e6c09f7c";"aa75eff7-49f7-4da2-a046-a86d8da21c56/es-root/d15e24d4-e2d6-426e-ad94-8789e6c09f7c";"Microsoft.Impact";"NotRegistered"
"Visual Studio Enterprise Subscription – MPN";"d15e24d4-e2d6-426e-ad94-8789e6c09f7c";"aa75eff7-49f7-4da2-a046-a86d8da21c56/es-root/d15e24d4-e2d6-426e-ad94-8789e6c09f7c";"microsoft.insights";"Registered"
"Visual Studio Enterprise Subscription – MPN";"d15e24d4-e2d6-426e-ad94-8789e6c09f7c";"aa75eff7-49f7-4da2-a046-a86d8da21c56/es-root/d15e24d4-e2d6-426e-ad94-8789e6c09f7c";"Microsoft.IntegrationSpaces";"NotRegistered"
"Visual Studio Enterprise Subscription – MPN";"d15e24d4-e2d6-426e-ad94-8789e6c09f7c";"aa75eff7-49f7-4da2-a046-a86d8da21c56/es-root/d15e24d4-e2d6-426e-ad94-8789e6c09f7c";"Microsoft.Inventory";"NotRegistered"
"Visual Studio Enterprise Subscription – MPN";"d15e24d4-e2d6-426e-ad94-8789e6c09f7c";"aa75eff7-49f7-4da2-a046-a86d8da21c56/es-root/d15e24d4-e2d6-426e-ad94-8789e6c09f7c";"Microsoft.IoTCentral";"NotRegistered"
"Visual Studio Enterprise Subscription – MPN";"d15e24d4-e2d6-426e-ad94-8789e6c09f7c";"aa75eff7-49f7-4da2-a046-a86d8da21c56/es-root/d15e24d4-e2d6-426e-ad94-8789e6c09f7c";"Microsoft.IoTFirmwareDefense";"NotRegistered"
"Visual Studio Enterprise Subscription – MPN";"d15e24d4-e2d6-426e-ad94-8789e6c09f7c";"aa75eff7-49f7-4da2-a046-a86d8da21c56/es-root/d15e24d4-e2d6-426e-ad94-8789e6c09f7c";"Microsoft.IoTOperations";"NotRegistered"
"Visual Studio Enterprise Subscription – MPN";"d15e24d4-e2d6-426e-ad94-8789e6c09f7c";"aa75eff7-49f7-4da2-a046-a86d8da21c56/es-root/d15e24d4-e2d6-426e-ad94-8789e6c09f7c";"Microsoft.IoTOperationsDataProcessor";"NotRegistered"
"Visual Studio Enterprise Subscription – MPN";"d15e24d4-e2d6-426e-ad94-8789e6c09f7c";"aa75eff7-49f7-4da2-a046-a86d8da21c56/es-root/d15e24d4-e2d6-426e-ad94-8789e6c09f7c";"Microsoft.IoTOperationsMQ";"NotRegistered"
"Visual Studio Enterprise Subscription – MPN";"d15e24d4-e2d6-426e-ad94-8789e6c09f7c";"aa75eff7-49f7-4da2-a046-a86d8da21c56/es-root/d15e24d4-e2d6-426e-ad94-8789e6c09f7c";"Microsoft.IoTOperationsOrchestrator";"NotRegistered"
"Visual Studio Enterprise Subscription – MPN";"d15e24d4-e2d6-426e-ad94-8789e6c09f7c";"aa75eff7-49f7-4da2-a046-a86d8da21c56/es-root/d15e24d4-e2d6-426e-ad94-8789e6c09f7c";"Microsoft.IoTSecurity";"NotRegistered"
"Visual Studio Enterprise Subscription – MPN";"d15e24d4-e2d6-426e-ad94-8789e6c09f7c";"aa75eff7-49f7-4da2-a046-a86d8da21c56/es-root/d15e24d4-e2d6-426e-ad94-8789e6c09f7c";"Microsoft.KeyVault";"Registered"
"Visual Studio Enterprise Subscription – MPN";"d15e24d4-e2d6-426e-ad94-8789e6c09f7c";"aa75eff7-49f7-4da2-a046-a86d8da21c56/es-root/d15e24d4-e2d6-426e-ad94-8789e6c09f7c";"Microsoft.Kubernetes";"NotRegistered"
"Visual Studio Enterprise Subscription – MPN";"d15e24d4-e2d6-426e-ad94-8789e6c09f7c";"aa75eff7-49f7-4da2-a046-a86d8da21c56/es-root/d15e24d4-e2d6-426e-ad94-8789e6c09f7c";"Microsoft.KubernetesConfiguration";"Registered"
"Visual Studio Enterprise Subscription – MPN";"d15e24d4-e2d6-426e-ad94-8789e6c09f7c";"aa75eff7-49f7-4da2-a046-a86d8da21c56/es-root/d15e24d4-e2d6-426e-ad94-8789e6c09f7c";"Microsoft.KubernetesRuntime";"NotRegistered"
"Visual Studio Enterprise Subscription – MPN";"d15e24d4-e2d6-426e-ad94-8789e6c09f7c";"aa75eff7-49f7-4da2-a046-a86d8da21c56/es-root/d15e24d4-e2d6-426e-ad94-8789e6c09f7c";"Microsoft.Kusto";"Registered"
"Visual Studio Enterprise Subscription – MPN";"d15e24d4-e2d6-426e-ad94-8789e6c09f7c";"aa75eff7-49f7-4da2-a046-a86d8da21c56/es-root/d15e24d4-e2d6-426e-ad94-8789e6c09f7c";"Microsoft.LabServices";"NotRegistered"
"Visual Studio Enterprise Subscription – MPN";"d15e24d4-e2d6-426e-ad94-8789e6c09f7c";"aa75eff7-49f7-4da2-a046-a86d8da21c56/es-root/d15e24d4-e2d6-426e-ad94-8789e6c09f7c";"Microsoft.LoadTestService";"NotRegistered"
"Visual Studio Enterprise Subscription – MPN";"d15e24d4-e2d6-426e-ad94-8789e6c09f7c";"aa75eff7-49f7-4da2-a046-a86d8da21c56/es-root/d15e24d4-e2d6-426e-ad94-8789e6c09f7c";"Microsoft.Logic";"Registered"
"Visual Studio Enterprise Subscription – MPN";"d15e24d4-e2d6-426e-ad94-8789e6c09f7c";"aa75eff7-49f7-4da2-a046-a86d8da21c56/es-root/d15e24d4-e2d6-426e-ad94-8789e6c09f7c";"Microsoft.Logz";"NotRegistered"
"Visual Studio Enterprise Subscription – MPN";"d15e24d4-e2d6-426e-ad94-8789e6c09f7c";"aa75eff7-49f7-4da2-a046-a86d8da21c56/es-root/d15e24d4-e2d6-426e-ad94-8789e6c09f7c";"Microsoft.MachineLearning";"NotRegistered"
"Visual Studio Enterprise Subscription – MPN";"d15e24d4-e2d6-426e-ad94-8789e6c09f7c";"aa75eff7-49f7-4da2-a046-a86d8da21c56/es-root/d15e24d4-e2d6-426e-ad94-8789e6c09f7c";"Microsoft.MachineLearningServices";"Registered"
"Visual Studio Enterprise Subscription – MPN";"d15e24d4-e2d6-426e-ad94-8789e6c09f7c";"aa75eff7-49f7-4da2-a046-a86d8da21c56/es-root/d15e24d4-e2d6-426e-ad94-8789e6c09f7c";"Microsoft.Maintenance";"Registered"
"Visual Studio Enterprise Subscription – MPN";"d15e24d4-e2d6-426e-ad94-8789e6c09f7c";"aa75eff7-49f7-4da2-a046-a86d8da21c56/es-root/d15e24d4-e2d6-426e-ad94-8789e6c09f7c";"Microsoft.ManagedIdentity";"Registered"
"Visual Studio Enterprise Subscription – MPN";"d15e24d4-e2d6-426e-ad94-8789e6c09f7c";"aa75eff7-49f7-4da2-a046-a86d8da21c56/es-root/d15e24d4-e2d6-426e-ad94-8789e6c09f7c";"Microsoft.ManagedNetworkFabric";"NotRegistered"
"Visual Studio Enterprise Subscription – MPN";"d15e24d4-e2d6-426e-ad94-8789e6c09f7c";"aa75eff7-49f7-4da2-a046-a86d8da21c56/es-root/d15e24d4-e2d6-426e-ad94-8789e6c09f7c";"Microsoft.ManagedServices";"Registered"
"Visual Studio Enterprise Subscription – MPN";"d15e24d4-e2d6-426e-ad94-8789e6c09f7c";"aa75eff7-49f7-4da2-a046-a86d8da21c56/es-root/d15e24d4-e2d6-426e-ad94-8789e6c09f7c";"Microsoft.Management";"Registered"
"Visual Studio Enterprise Subscription – MPN";"d15e24d4-e2d6-426e-ad94-8789e6c09f7c";"aa75eff7-49f7-4da2-a046-a86d8da21c56/es-root/d15e24d4-e2d6-426e-ad94-8789e6c09f7c";"Microsoft.ManufacturingPlatform";"NotRegistered"
"Visual Studio Enterprise Subscription – MPN";"d15e24d4-e2d6-426e-ad94-8789e6c09f7c";"aa75eff7-49f7-4da2-a046-a86d8da21c56/es-root/d15e24d4-e2d6-426e-ad94-8789e6c09f7c";"Microsoft.Maps";"Registered"
"Visual Studio Enterprise Subscription – MPN";"d15e24d4-e2d6-426e-ad94-8789e6c09f7c";"aa75eff7-49f7-4da2-a046-a86d8da21c56/es-root/d15e24d4-e2d6-426e-ad94-8789e6c09f7c";"Microsoft.Marketplace";"NotRegistered"
"Visual Studio Enterprise Subscription – MPN";"d15e24d4-e2d6-426e-ad94-8789e6c09f7c";"aa75eff7-49f7-4da2-a046-a86d8da21c56/es-root/d15e24d4-e2d6-426e-ad94-8789e6c09f7c";"Microsoft.MarketplaceNotifications";"Registered"
"Visual Studio Enterprise Subscription – MPN";"d15e24d4-e2d6-426e-ad94-8789e6c09f7c";"aa75eff7-49f7-4da2-a046-a86d8da21c56/es-root/d15e24d4-e2d6-426e-ad94-8789e6c09f7c";"Microsoft.MarketplaceOrdering";"Registered"
"Visual Studio Enterprise Subscription – MPN";"d15e24d4-e2d6-426e-ad94-8789e6c09f7c";"aa75eff7-49f7-4da2-a046-a86d8da21c56/es-root/d15e24d4-e2d6-426e-ad94-8789e6c09f7c";"Microsoft.Media";"Registered"
"Visual Studio Enterprise Subscription – MPN";"d15e24d4-e2d6-426e-ad94-8789e6c09f7c";"aa75eff7-49f7-4da2-a046-a86d8da21c56/es-root/d15e24d4-e2d6-426e-ad94-8789e6c09f7c";"Microsoft.MessagingCatalog";"NotRegistered"
"Visual Studio Enterprise Subscription – MPN";"d15e24d4-e2d6-426e-ad94-8789e6c09f7c";"aa75eff7-49f7-4da2-a046-a86d8da21c56/es-root/d15e24d4-e2d6-426e-ad94-8789e6c09f7c";"Microsoft.MessagingConnectors";"NotRegistered"
"Visual Studio Enterprise Subscription – MPN";"d15e24d4-e2d6-426e-ad94-8789e6c09f7c";"aa75eff7-49f7-4da2-a046-a86d8da21c56/es-root/d15e24d4-e2d6-426e-ad94-8789e6c09f7c";"Microsoft.Migrate";"NotRegistered"
"Visual Studio Enterprise Subscription – MPN";"d15e24d4-e2d6-426e-ad94-8789e6c09f7c";"aa75eff7-49f7-4da2-a046-a86d8da21c56/es-root/d15e24d4-e2d6-426e-ad94-8789e6c09f7c";"Microsoft.Mission";"NotRegistered"
"Visual Studio Enterprise Subscription – MPN";"d15e24d4-e2d6-426e-ad94-8789e6c09f7c";"aa75eff7-49f7-4da2-a046-a86d8da21c56/es-root/d15e24d4-e2d6-426e-ad94-8789e6c09f7c";"Microsoft.MixedReality";"Registered"
"Visual Studio Enterprise Subscription – MPN";"d15e24d4-e2d6-426e-ad94-8789e6c09f7c";"aa75eff7-49f7-4da2-a046-a86d8da21c56/es-root/d15e24d4-e2d6-426e-ad94-8789e6c09f7c";"Microsoft.MobileNetwork";"NotRegistered"
"Visual Studio Enterprise Subscription – MPN";"d15e24d4-e2d6-426e-ad94-8789e6c09f7c";"aa75eff7-49f7-4da2-a046-a86d8da21c56/es-root/d15e24d4-e2d6-426e-ad94-8789e6c09f7c";"Microsoft.MobilePacketCore";"NotRegistered"
"Visual Studio Enterprise Subscription – MPN";"d15e24d4-e2d6-426e-ad94-8789e6c09f7c";"aa75eff7-49f7-4da2-a046-a86d8da21c56/es-root/d15e24d4-e2d6-426e-ad94-8789e6c09f7c";"Microsoft.ModSimWorkbench";"NotRegistered"
"Visual Studio Enterprise Subscription – MPN";"d15e24d4-e2d6-426e-ad94-8789e6c09f7c";"aa75eff7-49f7-4da2-a046-a86d8da21c56/es-root/d15e24d4-e2d6-426e-ad94-8789e6c09f7c";"Microsoft.Monitor";"NotRegistered"
"Visual Studio Enterprise Subscription – MPN";"d15e24d4-e2d6-426e-ad94-8789e6c09f7c";"aa75eff7-49f7-4da2-a046-a86d8da21c56/es-root/d15e24d4-e2d6-426e-ad94-8789e6c09f7c";"Microsoft.MySQLDiscovery";"NotRegistered"
"Visual Studio Enterprise Subscription – MPN";"d15e24d4-e2d6-426e-ad94-8789e6c09f7c";"aa75eff7-49f7-4da2-a046-a86d8da21c56/es-root/d15e24d4-e2d6-426e-ad94-8789e6c09f7c";"Microsoft.NetApp";"NotRegistered"
"Visual Studio Enterprise Subscription – MPN";"d15e24d4-e2d6-426e-ad94-8789e6c09f7c";"aa75eff7-49f7-4da2-a046-a86d8da21c56/es-root/d15e24d4-e2d6-426e-ad94-8789e6c09f7c";"Microsoft.Network";"Registered"
"Visual Studio Enterprise Subscription – MPN";"d15e24d4-e2d6-426e-ad94-8789e6c09f7c";"aa75eff7-49f7-4da2-a046-a86d8da21c56/es-root/d15e24d4-e2d6-426e-ad94-8789e6c09f7c";"Microsoft.NetworkAnalytics";"NotRegistered"
"Visual Studio Enterprise Subscription – MPN";"d15e24d4-e2d6-426e-ad94-8789e6c09f7c";"aa75eff7-49f7-4da2-a046-a86d8da21c56/es-root/d15e24d4-e2d6-426e-ad94-8789e6c09f7c";"Microsoft.NetworkCloud";"NotRegistered"
"Visual Studio Enterprise Subscription – MPN";"d15e24d4-e2d6-426e-ad94-8789e6c09f7c";"aa75eff7-49f7-4da2-a046-a86d8da21c56/es-root/d15e24d4-e2d6-426e-ad94-8789e6c09f7c";"Microsoft.NetworkFunction";"NotRegistered"
"Visual Studio Enterprise Subscription – MPN";"d15e24d4-e2d6-426e-ad94-8789e6c09f7c";"aa75eff7-49f7-4da2-a046-a86d8da21c56/es-root/d15e24d4-e2d6-426e-ad94-8789e6c09f7c";"Microsoft.NexusIdentity";"NotRegistered"
"Visual Studio Enterprise Subscription – MPN";"d15e24d4-e2d6-426e-ad94-8789e6c09f7c";"aa75eff7-49f7-4da2-a046-a86d8da21c56/es-root/d15e24d4-e2d6-426e-ad94-8789e6c09f7c";"Microsoft.NotificationHubs";"Registered"
"Visual Studio Enterprise Subscription – MPN";"d15e24d4-e2d6-426e-ad94-8789e6c09f7c";"aa75eff7-49f7-4da2-a046-a86d8da21c56/es-root/d15e24d4-e2d6-426e-ad94-8789e6c09f7c";"Microsoft.Nutanix";"NotRegistered"
"Visual Studio Enterprise Subscription – MPN";"d15e24d4-e2d6-426e-ad94-8789e6c09f7c";"aa75eff7-49f7-4da2-a046-a86d8da21c56/es-root/d15e24d4-e2d6-426e-ad94-8789e6c09f7c";"Microsoft.ObjectStore";"NotRegistered"
"Visual Studio Enterprise Subscription – MPN";"d15e24d4-e2d6-426e-ad94-8789e6c09f7c";"aa75eff7-49f7-4da2-a046-a86d8da21c56/es-root/d15e24d4-e2d6-426e-ad94-8789e6c09f7c";"Microsoft.OffAzure";"NotRegistered"
"Visual Studio Enterprise Subscription – MPN";"d15e24d4-e2d6-426e-ad94-8789e6c09f7c";"aa75eff7-49f7-4da2-a046-a86d8da21c56/es-root/d15e24d4-e2d6-426e-ad94-8789e6c09f7c";"Microsoft.OffAzureSpringBoot";"NotRegistered"
"Visual Studio Enterprise Subscription – MPN";"d15e24d4-e2d6-426e-ad94-8789e6c09f7c";"aa75eff7-49f7-4da2-a046-a86d8da21c56/es-root/d15e24d4-e2d6-426e-ad94-8789e6c09f7c";"Microsoft.OpenEnergyPlatform";"NotRegistered"
"Visual Studio Enterprise Subscription – MPN";"d15e24d4-e2d6-426e-ad94-8789e6c09f7c";"aa75eff7-49f7-4da2-a046-a86d8da21c56/es-root/d15e24d4-e2d6-426e-ad94-8789e6c09f7c";"Microsoft.OperationalInsights";"Registered"
"Visual Studio Enterprise Subscription – MPN";"d15e24d4-e2d6-426e-ad94-8789e6c09f7c";"aa75eff7-49f7-4da2-a046-a86d8da21c56/es-root/d15e24d4-e2d6-426e-ad94-8789e6c09f7c";"Microsoft.OperationsManagement";"Registered"
"Visual Studio Enterprise Subscription – MPN";"d15e24d4-e2d6-426e-ad94-8789e6c09f7c";"aa75eff7-49f7-4da2-a046-a86d8da21c56/es-root/d15e24d4-e2d6-426e-ad94-8789e6c09f7c";"Microsoft.OperatorVoicemail";"NotRegistered"
"Visual Studio Enterprise Subscription – MPN";"d15e24d4-e2d6-426e-ad94-8789e6c09f7c";"aa75eff7-49f7-4da2-a046-a86d8da21c56/es-root/d15e24d4-e2d6-426e-ad94-8789e6c09f7c";"Microsoft.OracleDiscovery";"NotRegistered"
"Visual Studio Enterprise Subscription – MPN";"d15e24d4-e2d6-426e-ad94-8789e6c09f7c";"aa75eff7-49f7-4da2-a046-a86d8da21c56/es-root/d15e24d4-e2d6-426e-ad94-8789e6c09f7c";"Microsoft.Orbital";"NotRegistered"
"Visual Studio Enterprise Subscription – MPN";"d15e24d4-e2d6-426e-ad94-8789e6c09f7c";"aa75eff7-49f7-4da2-a046-a86d8da21c56/es-root/d15e24d4-e2d6-426e-ad94-8789e6c09f7c";"Microsoft.PartnerManagedConsumerRecurrence";"NotRegistered"
"Visual Studio Enterprise Subscription – MPN";"d15e24d4-e2d6-426e-ad94-8789e6c09f7c";"aa75eff7-49f7-4da2-a046-a86d8da21c56/es-root/d15e24d4-e2d6-426e-ad94-8789e6c09f7c";"Microsoft.Peering";"NotRegistered"
"Visual Studio Enterprise Subscription – MPN";"d15e24d4-e2d6-426e-ad94-8789e6c09f7c";"aa75eff7-49f7-4da2-a046-a86d8da21c56/es-root/d15e24d4-e2d6-426e-ad94-8789e6c09f7c";"Microsoft.Pki";"NotRegistered"
"Visual Studio Enterprise Subscription – MPN";"d15e24d4-e2d6-426e-ad94-8789e6c09f7c";"aa75eff7-49f7-4da2-a046-a86d8da21c56/es-root/d15e24d4-e2d6-426e-ad94-8789e6c09f7c";"Microsoft.PolicyInsights";"Registered"
"Visual Studio Enterprise Subscription – MPN";"d15e24d4-e2d6-426e-ad94-8789e6c09f7c";"aa75eff7-49f7-4da2-a046-a86d8da21c56/es-root/d15e24d4-e2d6-426e-ad94-8789e6c09f7c";"Microsoft.Portal";"Registered"
"Visual Studio Enterprise Subscription – MPN";"d15e24d4-e2d6-426e-ad94-8789e6c09f7c";"aa75eff7-49f7-4da2-a046-a86d8da21c56/es-root/d15e24d4-e2d6-426e-ad94-8789e6c09f7c";"Microsoft.PowerBI";"NotRegistered"
"Visual Studio Enterprise Subscription – MPN";"d15e24d4-e2d6-426e-ad94-8789e6c09f7c";"aa75eff7-49f7-4da2-a046-a86d8da21c56/es-root/d15e24d4-e2d6-426e-ad94-8789e6c09f7c";"Microsoft.PowerBIDedicated";"Registered"
"Visual Studio Enterprise Subscription – MPN";"d15e24d4-e2d6-426e-ad94-8789e6c09f7c";"aa75eff7-49f7-4da2-a046-a86d8da21c56/es-root/d15e24d4-e2d6-426e-ad94-8789e6c09f7c";"Microsoft.PowerPlatform";"NotRegistered"
"Visual Studio Enterprise Subscription – MPN";"d15e24d4-e2d6-426e-ad94-8789e6c09f7c";"aa75eff7-49f7-4da2-a046-a86d8da21c56/es-root/d15e24d4-e2d6-426e-ad94-8789e6c09f7c";"Microsoft.ProfessionalService";"NotRegistered"
"Visual Studio Enterprise Subscription – MPN";"d15e24d4-e2d6-426e-ad94-8789e6c09f7c";"aa75eff7-49f7-4da2-a046-a86d8da21c56/es-root/d15e24d4-e2d6-426e-ad94-8789e6c09f7c";"Microsoft.ProgrammableConnectivity";"NotRegistered"
"Visual Studio Enterprise Subscription – MPN";"d15e24d4-e2d6-426e-ad94-8789e6c09f7c";"aa75eff7-49f7-4da2-a046-a86d8da21c56/es-root/d15e24d4-e2d6-426e-ad94-8789e6c09f7c";"Microsoft.ProviderHub";"NotRegistered"
"Visual Studio Enterprise Subscription – MPN";"d15e24d4-e2d6-426e-ad94-8789e6c09f7c";"aa75eff7-49f7-4da2-a046-a86d8da21c56/es-root/d15e24d4-e2d6-426e-ad94-8789e6c09f7c";"Microsoft.Purview";"NotRegistered"
"Visual Studio Enterprise Subscription – MPN";"d15e24d4-e2d6-426e-ad94-8789e6c09f7c";"aa75eff7-49f7-4da2-a046-a86d8da21c56/es-root/d15e24d4-e2d6-426e-ad94-8789e6c09f7c";"Microsoft.Quantum";"NotRegistered"
"Visual Studio Enterprise Subscription – MPN";"d15e24d4-e2d6-426e-ad94-8789e6c09f7c";"aa75eff7-49f7-4da2-a046-a86d8da21c56/es-root/d15e24d4-e2d6-426e-ad94-8789e6c09f7c";"Microsoft.Quota";"NotRegistered"
"Visual Studio Enterprise Subscription – MPN";"d15e24d4-e2d6-426e-ad94-8789e6c09f7c";"aa75eff7-49f7-4da2-a046-a86d8da21c56/es-root/d15e24d4-e2d6-426e-ad94-8789e6c09f7c";"Microsoft.RecommendationsService";"NotRegistered"
"Visual Studio Enterprise Subscription – MPN";"d15e24d4-e2d6-426e-ad94-8789e6c09f7c";"aa75eff7-49f7-4da2-a046-a86d8da21c56/es-root/d15e24d4-e2d6-426e-ad94-8789e6c09f7c";"Microsoft.RecoveryServices";"Registered"
"Visual Studio Enterprise Subscription – MPN";"d15e24d4-e2d6-426e-ad94-8789e6c09f7c";"aa75eff7-49f7-4da2-a046-a86d8da21c56/es-root/d15e24d4-e2d6-426e-ad94-8789e6c09f7c";"Microsoft.RedHatOpenShift";"NotRegistered"
"Visual Studio Enterprise Subscription – MPN";"d15e24d4-e2d6-426e-ad94-8789e6c09f7c";"aa75eff7-49f7-4da2-a046-a86d8da21c56/es-root/d15e24d4-e2d6-426e-ad94-8789e6c09f7c";"Microsoft.Relay";"Registered"
"Visual Studio Enterprise Subscription – MPN";"d15e24d4-e2d6-426e-ad94-8789e6c09f7c";"aa75eff7-49f7-4da2-a046-a86d8da21c56/es-root/d15e24d4-e2d6-426e-ad94-8789e6c09f7c";"Microsoft.ResourceConnector";"NotRegistered"
"Visual Studio Enterprise Subscription – MPN";"d15e24d4-e2d6-426e-ad94-8789e6c09f7c";"aa75eff7-49f7-4da2-a046-a86d8da21c56/es-root/d15e24d4-e2d6-426e-ad94-8789e6c09f7c";"Microsoft.ResourceGraph";"Registered"
"Visual Studio Enterprise Subscription – MPN";"d15e24d4-e2d6-426e-ad94-8789e6c09f7c";"aa75eff7-49f7-4da2-a046-a86d8da21c56/es-root/d15e24d4-e2d6-426e-ad94-8789e6c09f7c";"Microsoft.ResourceHealth";"Registered"
"Visual Studio Enterprise Subscription – MPN";"d15e24d4-e2d6-426e-ad94-8789e6c09f7c";"aa75eff7-49f7-4da2-a046-a86d8da21c56/es-root/d15e24d4-e2d6-426e-ad94-8789e6c09f7c";"Microsoft.ResourceNotifications";"Registered"
"Visual Studio Enterprise Subscription – MPN";"d15e24d4-e2d6-426e-ad94-8789e6c09f7c";"aa75eff7-49f7-4da2-a046-a86d8da21c56/es-root/d15e24d4-e2d6-426e-ad94-8789e6c09f7c";"Microsoft.Resources";"Registered"
"Visual Studio Enterprise Subscription – MPN";"d15e24d4-e2d6-426e-ad94-8789e6c09f7c";"aa75eff7-49f7-4da2-a046-a86d8da21c56/es-root/d15e24d4-e2d6-426e-ad94-8789e6c09f7c";"Microsoft.SaaS";"NotRegistered"
"Visual Studio Enterprise Subscription – MPN";"d15e24d4-e2d6-426e-ad94-8789e6c09f7c";"aa75eff7-49f7-4da2-a046-a86d8da21c56/es-root/d15e24d4-e2d6-426e-ad94-8789e6c09f7c";"Microsoft.SaaSHub";"NotRegistered"
"Visual Studio Enterprise Subscription – MPN";"d15e24d4-e2d6-426e-ad94-8789e6c09f7c";"aa75eff7-49f7-4da2-a046-a86d8da21c56/es-root/d15e24d4-e2d6-426e-ad94-8789e6c09f7c";"Microsoft.Scom";"NotRegistered"
"Visual Studio Enterprise Subscription – MPN";"d15e24d4-e2d6-426e-ad94-8789e6c09f7c";"aa75eff7-49f7-4da2-a046-a86d8da21c56/es-root/d15e24d4-e2d6-426e-ad94-8789e6c09f7c";"Microsoft.ScVmm";"NotRegistered"
"Visual Studio Enterprise Subscription – MPN";"d15e24d4-e2d6-426e-ad94-8789e6c09f7c";"aa75eff7-49f7-4da2-a046-a86d8da21c56/es-root/d15e24d4-e2d6-426e-ad94-8789e6c09f7c";"Microsoft.Search";"Registered"
"Visual Studio Enterprise Subscription – MPN";"d15e24d4-e2d6-426e-ad94-8789e6c09f7c";"aa75eff7-49f7-4da2-a046-a86d8da21c56/es-root/d15e24d4-e2d6-426e-ad94-8789e6c09f7c";"Microsoft.SecretSyncController";"NotRegistered"
"Visual Studio Enterprise Subscription – MPN";"d15e24d4-e2d6-426e-ad94-8789e6c09f7c";"aa75eff7-49f7-4da2-a046-a86d8da21c56/es-root/d15e24d4-e2d6-426e-ad94-8789e6c09f7c";"Microsoft.Security";"Registered"
"Visual Studio Enterprise Subscription – MPN";"d15e24d4-e2d6-426e-ad94-8789e6c09f7c";"aa75eff7-49f7-4da2-a046-a86d8da21c56/es-root/d15e24d4-e2d6-426e-ad94-8789e6c09f7c";"Microsoft.SecurityCopilot";"NotRegistered"
"Visual Studio Enterprise Subscription – MPN";"d15e24d4-e2d6-426e-ad94-8789e6c09f7c";"aa75eff7-49f7-4da2-a046-a86d8da21c56/es-root/d15e24d4-e2d6-426e-ad94-8789e6c09f7c";"Microsoft.SecurityDetonation";"NotRegistered"
"Visual Studio Enterprise Subscription – MPN";"d15e24d4-e2d6-426e-ad94-8789e6c09f7c";"aa75eff7-49f7-4da2-a046-a86d8da21c56/es-root/d15e24d4-e2d6-426e-ad94-8789e6c09f7c";"Microsoft.SecurityInsights";"Registered"
"Visual Studio Enterprise Subscription – MPN";"d15e24d4-e2d6-426e-ad94-8789e6c09f7c";"aa75eff7-49f7-4da2-a046-a86d8da21c56/es-root/d15e24d4-e2d6-426e-ad94-8789e6c09f7c";"Microsoft.SerialConsole";"Registered"
"Visual Studio Enterprise Subscription – MPN";"d15e24d4-e2d6-426e-ad94-8789e6c09f7c";"aa75eff7-49f7-4da2-a046-a86d8da21c56/es-root/d15e24d4-e2d6-426e-ad94-8789e6c09f7c";"Microsoft.ServiceBus";"Registered"
"Visual Studio Enterprise Subscription – MPN";"d15e24d4-e2d6-426e-ad94-8789e6c09f7c";"aa75eff7-49f7-4da2-a046-a86d8da21c56/es-root/d15e24d4-e2d6-426e-ad94-8789e6c09f7c";"Microsoft.ServiceFabric";"Registered"
"Visual Studio Enterprise Subscription – MPN";"d15e24d4-e2d6-426e-ad94-8789e6c09f7c";"aa75eff7-49f7-4da2-a046-a86d8da21c56/es-root/d15e24d4-e2d6-426e-ad94-8789e6c09f7c";"Microsoft.ServiceFabricMesh";"Registered"
"Visual Studio Enterprise Subscription – MPN";"d15e24d4-e2d6-426e-ad94-8789e6c09f7c";"aa75eff7-49f7-4da2-a046-a86d8da21c56/es-root/d15e24d4-e2d6-426e-ad94-8789e6c09f7c";"Microsoft.ServiceLinker";"Registered"
"Visual Studio Enterprise Subscription – MPN";"d15e24d4-e2d6-426e-ad94-8789e6c09f7c";"aa75eff7-49f7-4da2-a046-a86d8da21c56/es-root/d15e24d4-e2d6-426e-ad94-8789e6c09f7c";"Microsoft.ServiceNetworking";"NotRegistered"
"Visual Studio Enterprise Subscription – MPN";"d15e24d4-e2d6-426e-ad94-8789e6c09f7c";"aa75eff7-49f7-4da2-a046-a86d8da21c56/es-root/d15e24d4-e2d6-426e-ad94-8789e6c09f7c";"Microsoft.ServicesHub";"NotRegistered"
"Visual Studio Enterprise Subscription – MPN";"d15e24d4-e2d6-426e-ad94-8789e6c09f7c";"aa75eff7-49f7-4da2-a046-a86d8da21c56/es-root/d15e24d4-e2d6-426e-ad94-8789e6c09f7c";"Microsoft.SignalRService";"NotRegistered"
"Visual Studio Enterprise Subscription – MPN";"d15e24d4-e2d6-426e-ad94-8789e6c09f7c";"aa75eff7-49f7-4da2-a046-a86d8da21c56/es-root/d15e24d4-e2d6-426e-ad94-8789e6c09f7c";"Microsoft.Singularity";"NotRegistered"
"Visual Studio Enterprise Subscription – MPN";"d15e24d4-e2d6-426e-ad94-8789e6c09f7c";"aa75eff7-49f7-4da2-a046-a86d8da21c56/es-root/d15e24d4-e2d6-426e-ad94-8789e6c09f7c";"Microsoft.SoftwarePlan";"NotRegistered"
"Visual Studio Enterprise Subscription – MPN";"d15e24d4-e2d6-426e-ad94-8789e6c09f7c";"aa75eff7-49f7-4da2-a046-a86d8da21c56/es-root/d15e24d4-e2d6-426e-ad94-8789e6c09f7c";"Microsoft.Solutions";"NotRegistered"
"Visual Studio Enterprise Subscription – MPN";"d15e24d4-e2d6-426e-ad94-8789e6c09f7c";"aa75eff7-49f7-4da2-a046-a86d8da21c56/es-root/d15e24d4-e2d6-426e-ad94-8789e6c09f7c";"Microsoft.Sovereign";"NotRegistered"
"Visual Studio Enterprise Subscription – MPN";"d15e24d4-e2d6-426e-ad94-8789e6c09f7c";"aa75eff7-49f7-4da2-a046-a86d8da21c56/es-root/d15e24d4-e2d6-426e-ad94-8789e6c09f7c";"Microsoft.Sql";"Registered"
"Visual Studio Enterprise Subscription – MPN";"d15e24d4-e2d6-426e-ad94-8789e6c09f7c";"aa75eff7-49f7-4da2-a046-a86d8da21c56/es-root/d15e24d4-e2d6-426e-ad94-8789e6c09f7c";"Microsoft.SqlVirtualMachine";"NotRegistered"
"Visual Studio Enterprise Subscription – MPN";"d15e24d4-e2d6-426e-ad94-8789e6c09f7c";"aa75eff7-49f7-4da2-a046-a86d8da21c56/es-root/d15e24d4-e2d6-426e-ad94-8789e6c09f7c";"Microsoft.StandbyPool";"NotRegistered"
"Visual Studio Enterprise Subscription – MPN";"d15e24d4-e2d6-426e-ad94-8789e6c09f7c";"aa75eff7-49f7-4da2-a046-a86d8da21c56/es-root/d15e24d4-e2d6-426e-ad94-8789e6c09f7c";"Microsoft.Storage";"Registered"
"Visual Studio Enterprise Subscription – MPN";"d15e24d4-e2d6-426e-ad94-8789e6c09f7c";"aa75eff7-49f7-4da2-a046-a86d8da21c56/es-root/d15e24d4-e2d6-426e-ad94-8789e6c09f7c";"Microsoft.StorageActions";"NotRegistered"
"Visual Studio Enterprise Subscription – MPN";"d15e24d4-e2d6-426e-ad94-8789e6c09f7c";"aa75eff7-49f7-4da2-a046-a86d8da21c56/es-root/d15e24d4-e2d6-426e-ad94-8789e6c09f7c";"Microsoft.StorageCache";"NotRegistered"
"Visual Studio Enterprise Subscription – MPN";"d15e24d4-e2d6-426e-ad94-8789e6c09f7c";"aa75eff7-49f7-4da2-a046-a86d8da21c56/es-root/d15e24d4-e2d6-426e-ad94-8789e6c09f7c";"Microsoft.StorageMover";"NotRegistered"
"Visual Studio Enterprise Subscription – MPN";"d15e24d4-e2d6-426e-ad94-8789e6c09f7c";"aa75eff7-49f7-4da2-a046-a86d8da21c56/es-root/d15e24d4-e2d6-426e-ad94-8789e6c09f7c";"Microsoft.StorageSync";"NotRegistered"
"Visual Studio Enterprise Subscription – MPN";"d15e24d4-e2d6-426e-ad94-8789e6c09f7c";"aa75eff7-49f7-4da2-a046-a86d8da21c56/es-root/d15e24d4-e2d6-426e-ad94-8789e6c09f7c";"Microsoft.StorageTasks";"NotRegistered"
"Visual Studio Enterprise Subscription – MPN";"d15e24d4-e2d6-426e-ad94-8789e6c09f7c";"aa75eff7-49f7-4da2-a046-a86d8da21c56/es-root/d15e24d4-e2d6-426e-ad94-8789e6c09f7c";"Microsoft.StreamAnalytics";"Registered"
"Visual Studio Enterprise Subscription – MPN";"d15e24d4-e2d6-426e-ad94-8789e6c09f7c";"aa75eff7-49f7-4da2-a046-a86d8da21c56/es-root/d15e24d4-e2d6-426e-ad94-8789e6c09f7c";"Microsoft.Subscription";"NotRegistered"
"Visual Studio Enterprise Subscription – MPN";"d15e24d4-e2d6-426e-ad94-8789e6c09f7c";"aa75eff7-49f7-4da2-a046-a86d8da21c56/es-root/d15e24d4-e2d6-426e-ad94-8789e6c09f7c";"microsoft.support";"Registered"
"Visual Studio Enterprise Subscription – MPN";"d15e24d4-e2d6-426e-ad94-8789e6c09f7c";"aa75eff7-49f7-4da2-a046-a86d8da21c56/es-root/d15e24d4-e2d6-426e-ad94-8789e6c09f7c";"Microsoft.Synapse";"NotRegistered"
"Visual Studio Enterprise Subscription – MPN";"d15e24d4-e2d6-426e-ad94-8789e6c09f7c";"aa75eff7-49f7-4da2-a046-a86d8da21c56/es-root/d15e24d4-e2d6-426e-ad94-8789e6c09f7c";"Microsoft.Syntex";"NotRegistered"
"Visual Studio Enterprise Subscription – MPN";"d15e24d4-e2d6-426e-ad94-8789e6c09f7c";"aa75eff7-49f7-4da2-a046-a86d8da21c56/es-root/d15e24d4-e2d6-426e-ad94-8789e6c09f7c";"Microsoft.TimeSeriesInsights";"Registered"
"Visual Studio Enterprise Subscription – MPN";"d15e24d4-e2d6-426e-ad94-8789e6c09f7c";"aa75eff7-49f7-4da2-a046-a86d8da21c56/es-root/d15e24d4-e2d6-426e-ad94-8789e6c09f7c";"Microsoft.ToolchainOrchestrator";"NotRegistered"
"Visual Studio Enterprise Subscription – MPN";"d15e24d4-e2d6-426e-ad94-8789e6c09f7c";"aa75eff7-49f7-4da2-a046-a86d8da21c56/es-root/d15e24d4-e2d6-426e-ad94-8789e6c09f7c";"Microsoft.UsageBilling";"NotRegistered"
"Visual Studio Enterprise Subscription – MPN";"d15e24d4-e2d6-426e-ad94-8789e6c09f7c";"aa75eff7-49f7-4da2-a046-a86d8da21c56/es-root/d15e24d4-e2d6-426e-ad94-8789e6c09f7c";"Microsoft.VerifiedId";"NotRegistered"
"Visual Studio Enterprise Subscription – MPN";"d15e24d4-e2d6-426e-ad94-8789e6c09f7c";"aa75eff7-49f7-4da2-a046-a86d8da21c56/es-root/d15e24d4-e2d6-426e-ad94-8789e6c09f7c";"Microsoft.VideoIndexer";"NotRegistered"
"Visual Studio Enterprise Subscription – MPN";"d15e24d4-e2d6-426e-ad94-8789e6c09f7c";"aa75eff7-49f7-4da2-a046-a86d8da21c56/es-root/d15e24d4-e2d6-426e-ad94-8789e6c09f7c";"Microsoft.VirtualMachineImages";"NotRegistered"
"Visual Studio Enterprise Subscription – MPN";"d15e24d4-e2d6-426e-ad94-8789e6c09f7c";"aa75eff7-49f7-4da2-a046-a86d8da21c56/es-root/d15e24d4-e2d6-426e-ad94-8789e6c09f7c";"microsoft.visualstudio";"NotRegistered"
"Visual Studio Enterprise Subscription – MPN";"d15e24d4-e2d6-426e-ad94-8789e6c09f7c";"aa75eff7-49f7-4da2-a046-a86d8da21c56/es-root/d15e24d4-e2d6-426e-ad94-8789e6c09f7c";"Microsoft.VMware";"NotRegistered"
"Visual Studio Enterprise Subscription – MPN";"d15e24d4-e2d6-426e-ad94-8789e6c09f7c";"aa75eff7-49f7-4da2-a046-a86d8da21c56/es-root/d15e24d4-e2d6-426e-ad94-8789e6c09f7c";"Microsoft.VoiceServices";"NotRegistered"
"Visual Studio Enterprise Subscription – MPN";"d15e24d4-e2d6-426e-ad94-8789e6c09f7c";"aa75eff7-49f7-4da2-a046-a86d8da21c56/es-root/d15e24d4-e2d6-426e-ad94-8789e6c09f7c";"Microsoft.Web";"Registered"
"Visual Studio Enterprise Subscription – MPN";"d15e24d4-e2d6-426e-ad94-8789e6c09f7c";"aa75eff7-49f7-4da2-a046-a86d8da21c56/es-root/d15e24d4-e2d6-426e-ad94-8789e6c09f7c";"Microsoft.WindowsPushNotificationServices";"NotRegistered"
"Visual Studio Enterprise Subscription – MPN";"d15e24d4-e2d6-426e-ad94-8789e6c09f7c";"aa75eff7-49f7-4da2-a046-a86d8da21c56/es-root/d15e24d4-e2d6-426e-ad94-8789e6c09f7c";"Microsoft.WorkloadBuilder";"NotRegistered"
"Visual Studio Enterprise Subscription – MPN";"d15e24d4-e2d6-426e-ad94-8789e6c09f7c";"aa75eff7-49f7-4da2-a046-a86d8da21c56/es-root/d15e24d4-e2d6-426e-ad94-8789e6c09f7c";"Microsoft.Workloads";"NotRegistered"
"Visual Studio Enterprise Subscription – MPN";"d15e24d4-e2d6-426e-ad94-8789e6c09f7c";"aa75eff7-49f7-4da2-a046-a86d8da21c56/es-root/d15e24d4-e2d6-426e-ad94-8789e6c09f7c";"NewRelic.Observability";"NotRegistered"
"Visual Studio Enterprise Subscription – MPN";"d15e24d4-e2d6-426e-ad94-8789e6c09f7c";"aa75eff7-49f7-4da2-a046-a86d8da21c56/es-root/d15e24d4-e2d6-426e-ad94-8789e6c09f7c";"NGINX.NGINXPLUS";"NotRegistered"
"Visual Studio Enterprise Subscription – MPN";"d15e24d4-e2d6-426e-ad94-8789e6c09f7c";"aa75eff7-49f7-4da2-a046-a86d8da21c56/es-root/d15e24d4-e2d6-426e-ad94-8789e6c09f7c";"Oracle.Database";"NotRegistered"
"Visual Studio Enterprise Subscription – MPN";"d15e24d4-e2d6-426e-ad94-8789e6c09f7c";"aa75eff7-49f7-4da2-a046-a86d8da21c56/es-root/d15e24d4-e2d6-426e-ad94-8789e6c09f7c";"PaloAltoNetworks.Cloudngfw";"NotRegistered"
"Visual Studio Enterprise Subscription – MPN";"d15e24d4-e2d6-426e-ad94-8789e6c09f7c";"aa75eff7-49f7-4da2-a046-a86d8da21c56/es-root/d15e24d4-e2d6-426e-ad94-8789e6c09f7c";"Qumulo.Storage";"NotRegistered"
"Visual Studio Enterprise Subscription – MPN";"d15e24d4-e2d6-426e-ad94-8789e6c09f7c";"aa75eff7-49f7-4da2-a046-a86d8da21c56/es-root/d15e24d4-e2d6-426e-ad94-8789e6c09f7c";"SolarWinds.Observability";"NotRegistered"
"Visual Studio Enterprise Subscription – MPN";"d15e24d4-e2d6-426e-ad94-8789e6c09f7c";"aa75eff7-49f7-4da2-a046-a86d8da21c56/es-root/d15e24d4-e2d6-426e-ad94-8789e6c09f7c";"SplitIO.Experimentation";"NotRegistered"
"Visual Studio Enterprise Subscription – MPN";"d15e24d4-e2d6-426e-ad94-8789e6c09f7c";"aa75eff7-49f7-4da2-a046-a86d8da21c56/es-root/d15e24d4-e2d6-426e-ad94-8789e6c09f7c";"Wandisco.Fusion";"NotRegistered"
